tenant_plat_id,channel_id,dim_game_type_id,dim_game_type_name,bet_times,valid_bet_amount,avg_bet_amount,win_loss_amount,kill_rate,bet_share
72,1932,4,电子-老虎机,153,11712.0000,76.5490,21428.2000,1.829594,0.721840
72,1932,1,捕鱼,11,2202.0000,200.1818,-313.0000,-0.142144,0.135715
72,1932,6,电子棋牌,13,1295.2000,99.6308,-272.9000,-0.210701,0.079826
72,1932,5,电子-街机,17,1016.0000,59.7647,10.1600,0.010000,0.062619
